Nome;Ruolo;Squadra;Quotazione;Fantamedia;Presenze
PGiocatore000;P;Team08;40;7.47;28
PGiocatore001;P;Team18;40;7.19;28
PGiocatore002;P;Team07;37;7.13;31
PGiocatore003;P;Team18;37;7.18;33
PGiocatore004;P;Team01;35;7.24;31
PGiocatore005;P;Team09;34;7.38;27
PGiocatore006;P;Team03;33;7.05;36
PGiocatore007;P;Team09;32;7.13;28
PGiocatore008;P;Team13;31;7.31;32
PGiocatore009;P;Team12;30;6.92;26
PGiocatore010;P;Team08;27;7.14;30
PGiocatore011;P;Team04;29;7.21;33
PGiocatore012;P;Team06;28;6.98;26
PGiocatore013;P;Team03;25;6.95;23
PGiocatore014;P;Team06;25;7.03;22
PGiocatore015;P;Team18;25;6.93;22
PGiocatore016;P;Team02;23;6.78;22
PGiocatore017;P;Team09;21;6.75;18
PGiocatore018;P;Team11;21;6.64;28
PGiocatore019;P;Team15;21;6.69;23
PGiocatore020;P;Team18;20;6.62;18
PGiocatore021;P;Team13;19;6.65;23
PGiocatore022;P;Team16;16;6.67;27
PGiocatore023;P;Team06;15;6.51;15
PGiocatore024;P;Team13;14;6.83;19
PGiocatore025;P;Team18;14;6.7;19
PGiocatore026;P;Team18;15;6.8;13
PGiocatore027;P;Team10;13;6.72;21
PGiocatore028;P;Team09;14;6.53;17
PGiocatore029;P;Team04;12;6.77;20
PGiocatore030;P;Team20;11;6.69;14
PGiocatore031;P;Team17;9;6.32;14
PGiocatore032;P;Team04;10;6.65;17
PGiocatore033;P;Team10;10;6.62;19
PGiocatore034;P;Team03;9;6.25;11
PGiocatore035;P;Team18;7;6.14;13
PGiocatore036;P;Team18;7;6.45;9
PGiocatore037;P;Team07;7;6.12;13
PGiocatore038;P;Team10;7;6.47;15
PGiocatore039;P;Team17;6;6.18;13
PGiocatore040;P;Team01;4;6.18;8
PGiocatore041;P;Team03;4;6.21;7
PGiocatore042;P;Team02;3;6.24;4
PGiocatore043;P;Team16;3;6.29;4
PGiocatore044;P;Team19;5;5.94;4
PGiocatore045;P;Team14;3;6.09;5
PGiocatore046;P;Team14;3;5.87;3
PGiocatore047;P;Team04;2;5.95;11
PGiocatore048;P;Team04;4;5.74;9
PGiocatore049;P;Team14;2;5.8;2
PGiocatore050;P;Team03;3;5.74;5
PGiocatore051;P;Team02;2;5.84;9
PGiocatore052;P;Team03;1;5.92;5
PGiocatore053;P;Team16;1;6.02;8
PGiocatore054;P;Team06;3;5.77;7
PGiocatore055;P;Team15;1;5.69;8
PGiocatore056;P;Team18;2;5.61;4
PGiocatore057;P;Team07;1;5.77;2
PGiocatore058;P;Team11;1;5.89;2
PGiocatore059;P;Team17;1;5.41;2
DGiocatore000;D;Team06;40;7.53;39
DGiocatore001;D;Team13;42;7.48;28
DGiocatore002;D;Team20;39;7.49;38
DGiocatore003;D;Team19;40;7.44;28
DGiocatore004;D;Team11;39;7.68;38
DGiocatore005;D;Team10;40;7.52;31
DGiocatore006;D;Team01;40;7.62;38
DGiocatore007;D;Team03;40;7.62;38
DGiocatore008;D;Team12;37;7.65;32
DGiocatore009;D;Team06;37;7.81;37
DGiocatore010;D;Team17;37;7.58;32
DGiocatore011;D;Team04;36;7.35;35
DGiocatore012;D;Team04;35;7.81;27
DGiocatore013;D;Team07;35;7.7;27
DGiocatore014;D;Team09;36;7.68;28
DGiocatore015;D;Team02;36;7.57;28
DGiocatore016;D;Team01;34;7.35;30
DGiocatore017;D;Team06;36;7.46;26
DGiocatore018;D;Team01;34;7.66;31
DGiocatore019;D;Team05;34;7.33;36
DGiocatore020;D;Team05;34;7.54;34
DGiocatore021;D;Team02;33;7.48;24
DGiocatore022;D;Team04;32;7.7;26
DGiocatore023;D;Team20;33;7.42;30
DGiocatore024;D;Team06;31;7.61;35
DGiocatore025;D;Team01;33;7.71;33
DGiocatore026;D;Team14;32;7.31;34
DGiocatore027;D;Team09;32;7.61;33
DGiocatore028;D;Team02;30;7.28;31
DGiocatore029;D;Team15;31;7.62;25
DGiocatore030;D;Team08;31;7.35;32
DGiocatore031;D;Team03;29;7.18;25
DGiocatore032;D;Team13;30;7.65;25
DGiocatore033;D;Team01;28;7.49;32
DGiocatore034;D;Team09;28;7.2;33
DGiocatore035;D;Team11;28;7.15;29
DGiocatore036;D;Team19;27;7.34;33
DGiocatore037;D;Team17;27;7.21;22
DGiocatore038;D;Team07;28;7.57;28
DGiocatore039;D;Team11;27;7.28;22
DGiocatore040;D;Team10;25;7.4;29
DGiocatore041;D;Team10;26;7.33;29
DGiocatore042;D;Team13;26;7.35;23
DGiocatore043;D;Team10;26;7.4;31
DGiocatore044;D;Team07;25;7.26;30
DGiocatore045;D;Team15;25;7.26;27
DGiocatore046;D;Team06;25;7.26;28
DGiocatore047;D;Team20;25;7.36;23
DGiocatore048;D;Team10;25;7.19;29
DGiocatore049;D;Team08;22;7.12;22
DGiocatore050;D;Team15;24;7.49;26
DGiocatore051;D;Team13;22;7.2;26
DGiocatore052;D;Team01;23;7.23;22
DGiocatore053;D;Team14;24;7.42;29
DGiocatore054;D;Team15;23;7.07;28
DGiocatore055;D;Team15;23;6.98;21
DGiocatore056;D;Team18;22;7.01;24
DGiocatore057;D;Team20;23;7.23;29
DGiocatore058;D;Team18;21;7.34;28
DGiocatore059;D;Team15;22;7.14;19
DGiocatore060;D;Team17;21;7.04;20
DGiocatore061;D;Team10;20;7.14;20
DGiocatore062;D;Team03;21;7.01;21
DGiocatore063;D;Team07;20;6.95;20
DGiocatore064;D;Team14;20;6.91;22
DGiocatore065;D;Team19;19;6.9;26
DGiocatore066;D;Team19;20;7.33;17
DGiocatore067;D;Team13;18;7.04;16
DGiocatore068;D;Team18;18;7.26;27
DGiocatore069;D;Team09;18;7.23;27
DGiocatore070;D;Team13;17;7.04;16
DGiocatore071;D;Team20;19;7.17;26
DGiocatore072;D;Team01;18;7.07;26
DGiocatore073;D;Team06;18;6.83;20
DGiocatore074;D;Team11;16;6.81;19
DGiocatore075;D;Team14;16;6.94;25
DGiocatore076;D;Team18;15;6.89;16
DGiocatore077;D;Team03;15;6.78;26
DGiocatore078;D;Team08;17;7.14;22
DGiocatore079;D;Team05;15;6.84;14
DGiocatore080;D;Team15;17;6.97;15
DGiocatore081;D;Team20;14;7.07;23
DGiocatore082;D;Team06;16;7.19;22
DGiocatore083;D;Team10;13;7.19;15
DGiocatore084;D;Team07;14;6.98;24
DGiocatore085;D;Team04;15;6.72;21
DGiocatore086;D;Team04;15;7.02;16
DGiocatore087;D;Team18;12;7.07;20
DGiocatore088;D;Team11;14;6.87;17
DGiocatore089;D;Team14;13;6.66;17
DGiocatore090;D;Team05;14;7.12;20
DGiocatore091;D;Team09;14;6.85;21
DGiocatore092;D;Team15;13;6.93;23
DGiocatore093;D;Team08;12;6.83;20
DGiocatore094;D;Team08;13;7.02;13
DGiocatore095;D;Team11;13;6.97;18
DGiocatore096;D;Team07;11;6.6;21
DGiocatore097;D;Team20;11;6.75;14
DGiocatore098;D;Team07;10;6.92;14
DGiocatore099;D;Team08;11;6.6;19
DGiocatore100;D;Team01;11;6.9;18
DGiocatore101;D;Team10;11;6.59;13
DGiocatore102;D;Team12;11;6.86;15
DGiocatore103;D;Team15;10;6.74;19
DGiocatore104;D;Team07;9;6.65;13
DGiocatore105;D;Team06;11;6.66;19
DGiocatore106;D;Team19;9;6.59;18
DGiocatore107;D;Team04;9;6.98;16
DGiocatore108;D;Team10;9;6.89;13
DGiocatore109;D;Team02;9;6.48;15
DGiocatore110;D;Team16;8;6.74;17
DGiocatore111;D;Team16;8;6.5;9
DGiocatore112;D;Team16;7;6.66;11
DGiocatore113;D;Team19;9;6.49;9
DGiocatore114;D;Team19;7;6.74;9
DGiocatore115;D;Team18;7;6.89;9
DGiocatore116;D;Team08;9;6.79;15
DGiocatore117;D;Team10;9;6.78;12
DGiocatore118;D;Team20;7;6.82;19
DGiocatore119;D;Team07;6;6.41;19
DGiocatore120;D;Team08;6;6.68;10
DGiocatore121;D;Team15;6;6.45;8
DGiocatore122;D;Team10;6;6.7;12
DGiocatore123;D;Team08;7;6.7;15
DGiocatore124;D;Team07;7;6.8;16
DGiocatore125;D;Team09;7;6.54;13
DGiocatore126;D;Team10;5;6.73;7
DGiocatore127;D;Team15;8;6.6;16
DGiocatore128;D;Team09;7;6.36;14
DGiocatore129;D;Team02;5;6.54;11
DGiocatore130;D;Team01;6;6.72;14
DGiocatore131;D;Team19;7;6.32;17
DGiocatore132;D;Team09;6;6.56;5
DGiocatore133;D;Team17;5;6.54;14
DGiocatore134;D;Team19;4;6.57;16
DGiocatore135;D;Team16;7;6.45;14
DGiocatore136;D;Team06;6;6.4;8
DGiocatore137;D;Team13;4;6.38;13
DGiocatore138;D;Team11;5;6.61;11
DGiocatore139;D;Team17;6;6.33;5
DGiocatore140;D;Team15;6;6.6;4
DGiocatore141;D;Team16;4;6.39;6
DGiocatore142;D;Team18;3;6.48;12
DGiocatore143;D;Team16;5;6.23;7
DGiocatore144;D;Team08;4;6.21;15
DGiocatore145;D;Team14;3;6.5;7
DGiocatore146;D;Team15;5;6.18;15
DGiocatore147;D;Team10;3;6.6;10
DGiocatore148;D;Team16;5;6.37;6
DGiocatore149;D;Team20;3;6.23;9
DGiocatore150;D;Team09;5;6.35;13
DGiocatore151;D;Team17;3;6.48;12
DGiocatore152;D;Team19;4;6.22;2
DGiocatore153;D;Team15;4;6.36;9
DGiocatore154;D;Team18;3;6.33;5
DGiocatore155;D;Team08;4;6.24;12
DGiocatore156;D;Team02;4;6.33;4
DGiocatore157;D;Team13;4;6.2;6
DGiocatore158;D;Team05;4;6.22;9
DGiocatore159;D;Team19;3;6.27;2
DGiocatore160;D;Team04;4;6.18;2
DGiocatore161;D;Team14;3;6.26;6
DGiocatore162;D;Team09;1;6.43;12
DGiocatore163;D;Team11;3;6.15;8
DGiocatore164;D;Team11;2;6.4;10
DGiocatore165;D;Team18;2;6.28;10
DGiocatore166;D;Team10;3;5.97;2
DGiocatore167;D;Team04;2;6.45;8
DGiocatore168;D;Team06;1;6.32;7
DGiocatore169;D;Team02;1;6.28;10
DGiocatore170;D;Team17;1;6.07;3
DGiocatore171;D;Team06;1;6.12;7
DGiocatore172;D;Team08;2;5.94;9
DGiocatore173;D;Team09;1;6.14;5
DGiocatore174;D;Team15;3;6.11;6
DGiocatore175;D;Team15;1;6.33;6
DGiocatore176;D;Team14;1;6.34;9
DGiocatore177;D;Team13;1;6.2;3
DGiocatore178;D;Team12;1;6.27;2
DGiocatore179;D;Team13;1;6.13;9
DGiocatore180;D;Team02;2;5.97;4
DGiocatore181;D;Team10;2;6.28;6
DGiocatore182;D;Team08;2;6.2;2
DGiocatore183;D;Team05;2;6.12;4
DGiocatore184;D;Team10;2;6.11;7
DGiocatore185;D;Team05;1;6.18;2
DGiocatore186;D;Team06;2;5.82;2
DGiocatore187;D;Team12;2;5.87;5
DGiocatore188;D;Team09;2;6.02;7
DGiocatore189;D;Team10;3;6.21;7
DGiocatore190;D;Team03;1;6.11;2
DGiocatore191;D;Team13;2;5.8;7
DGiocatore192;D;Team13;1;6.21;5
DGiocatore193;D;Team09;1;5.72;2
DGiocatore194;D;Team04;2;6.0;4
DGiocatore195;D;Team18;1;6.03;2
DGiocatore196;D;Team15;1;5.85;2
DGiocatore197;D;Team05;1;6.13;2
DGiocatore198;D;Team04;2;5.69;2
DGiocatore199;D;Team15;1;5.71;4
CGiocatore000;C;Team18;42;7.84;39
CGiocatore001;C;Team14;40;7.85;36
CGiocatore002;C;Team09;41;7.96;37
CGiocatore003;C;Team08;40;7.64;31
CGiocatore004;C;Team18;40;8.04;28
CGiocatore005;C;Team09;38;8.06;34
CGiocatore006;C;Team15;40;7.69;28
CGiocatore007;C;Team01;39;7.63;29
CGiocatore008;C;Team19;39;7.6;30
CGiocatore009;C;Team19;38;7.67;36
CGiocatore010;C;Team05;37;7.67;36
CGiocatore011;C;Team05;36;7.95;33
CGiocatore012;C;Team04;37;8.04;32
CGiocatore013;C;Team08;35;7.86;26
CGiocatore014;C;Team05;35;7.82;25
CGiocatore015;C;Team16;36;7.89;31
CGiocatore016;C;Team15;35;7.73;29
CGiocatore017;C;Team17;33;7.75;36
CGiocatore018;C;Team16;33;7.64;32
CGiocatore019;C;Team15;33;7.9;29
CGiocatore020;C;Team03;34;7.51;25
CGiocatore021;C;Team11;33;7.52;31
CGiocatore022;C;Team17;32;7.64;31
CGiocatore023;C;Team18;33;7.75;25
CGiocatore024;C;Team08;32;7.79;26
CGiocatore025;C;Team04;31;7.63;33
CGiocatore026;C;Team05;31;7.57;27
CGiocatore027;C;Team03;30;7.75;29
CGiocatore028;C;Team05;31;7.44;24
CGiocatore029;C;Team11;30;7.67;30
CGiocatore030;C;Team14;31;7.72;27
CGiocatore031;C;Team20;31;7.81;31
CGiocatore032;C;Team05;29;7.52;23
CGiocatore033;C;Team18;28;7.68;25
CGiocatore034;C;Team14;29;7.53;31
CGiocatore035;C;Team20;29;7.76;33
CGiocatore036;C;Team09;28;7.66;28
CGiocatore037;C;Team11;28;7.33;24
CGiocatore038;C;Team13;26;7.48;23
CGiocatore039;C;Team03;28;7.33;30
CGiocatore040;C;Team11;26;7.66;23
CGiocatore041;C;Team19;26;7.36;24
CGiocatore042;C;Team20;25;7.57;31
CGiocatore043;C;Team14;25;7.29;21
CGiocatore044;C;Team17;25;7.5;25
CGiocatore045;C;Team19;24;7.3;25
CGiocatore046;C;Team13;23;7.48;28
CGiocatore047;C;Team07;24;7.72;20
CGiocatore048;C;Team04;23;7.6;29
CGiocatore049;C;Team13;23;7.21;28
CGiocatore050;C;Team12;24;7.47;22
CGiocatore051;C;Team01;22;7.23;29
CGiocatore052;C;Team14;22;7.41;20
CGiocatore053;C;Team04;22;7.46;27
CGiocatore054;C;Team20;21;7.37;30
CGiocatore055;C;Team14;22;7.39;26
CGiocatore056;C;Team17;22;7.57;21
CGiocatore057;C;Team08;22;7.18;28
CGiocatore058;C;Team04;21;7.29;20
CGiocatore059;C;Team12;22;7.38;20
CGiocatore060;C;Team08;22;7.47;27
CGiocatore061;C;Team05;19;7.15;20
CGiocatore062;C;Team16;19;7.47;25
CGiocatore063;C;Team19;20;7.31;24
CGiocatore064;C;Team11;19;7.4;28
CGiocatore065;C;Team10;19;7.14;17
CGiocatore066;C;Team03;19;7.45;23
CGiocatore067;C;Team10;17;7.2;22
CGiocatore068;C;Team20;19;7.08;26
CGiocatore069;C;Team02;18;7.33;20
CGiocatore070;C;Team11;18;7.24;25
CGiocatore071;C;Team15;19;7.31;21
CGiocatore072;C;Team03;17;7.05;26
CGiocatore073;C;Team15;16;7.25;17
CGiocatore074;C;Team12;17;7.48;21
CGiocatore075;C;Team11;16;7.16;18
CGiocatore076;C;Team11;17;7.31;15
CGiocatore077;C;Team10;17;6.99;16
CGiocatore078;C;Team20;17;7.07;24
CGiocatore079;C;Team05;16;7.38;18
CGiocatore080;C;Team13;16;7.39;18
CGiocatore081;C;Team18;14;6.99;22
CGiocatore082;C;Team17;16;7.1;23
CGiocatore083;C;Team01;15;6.95;21
CGiocatore084;C;Team16;14;7.08;15
CGiocatore085;C;Team10;13;6.98;25
CGiocatore086;C;Team17;15;7.3;14
CGiocatore087;C;Team05;15;6.89;17
CGiocatore088;C;Team20;13;7.16;14
CGiocatore089;C;Team14;13;7.25;14
CGiocatore090;C;Team20;15;7.02;21
CGiocatore091;C;Team18;13;6.97;21
CGiocatore092;C;Team07;14;6.94;23
CGiocatore093;C;Team15;14;7.0;23
CGiocatore094;C;Team14;12;7.19;21
CGiocatore095;C;Team05;13;7.28;21
CGiocatore096;C;Team12;12;7.22;12
CGiocatore097;C;Team04;13;7.05;12
CGiocatore098;C;Team17;11;6.91;20
CGiocatore099;C;Team08;13;6.83;16
CGiocatore100;C;Team14;12;7.16;21
CGiocatore101;C;Team03;10;6.77;16
CGiocatore102;C;Team11;12;6.92;10
CGiocatore103;C;Team16;10;7.12;12
CGiocatore104;C;Team15;11;7.06;11
CGiocatore105;C;Team07;9;7.01;21
CGiocatore106;C;Team17;11;7.11;16
CGiocatore107;C;Team04;9;6.9;19
CGiocatore108;C;Team15;10;6.7;14
CGiocatore109;C;Team18;9;6.7;19
CGiocatore110;C;Team05;8;6.67;15
CGiocatore111;C;Team19;8;6.8;9
CGiocatore112;C;Team12;8;6.85;16
CGiocatore113;C;Team17;9;6.67;15
CGiocatore114;C;Team13;8;6.9;13
CGiocatore115;C;Team03;7;7.11;11
CGiocatore116;C;Team19;8;6.78;17
CGiocatore117;C;Team18;7;6.96;12
CGiocatore118;C;Team15;9;6.76;15
CGiocatore119;C;Team05;7;7.07;13
CGiocatore120;C;Team10;7;6.6;16
CGiocatore121;C;Team11;8;6.66;16
CGiocatore122;C;Team18;9;7.02;13
CGiocatore123;C;Team10;7;6.78;7
CGiocatore124;C;Team11;8;6.71;16
CGiocatore125;C;Team13;6;6.66;16
CGiocatore126;C;Team06;6;6.89;17
CGiocatore127;C;Team17;8;6.76;12
CGiocatore128;C;Team14;6;6.63;7
CGiocatore129;C;Team11;6;6.79;15
CGiocatore130;C;Team15;5;6.53;9
CGiocatore131;C;Team12;6;6.77;10
CGiocatore132;C;Team20;7;6.69;14
CGiocatore133;C;Team02;7;6.95;8
CGiocatore134;C;Team06;5;6.48;12
CGiocatore135;C;Team15;6;6.91;6
CGiocatore136;C;Team12;6;6.44;5
CGiocatore137;C;Team05;4;6.6;16
CGiocatore138;C;Team03;4;6.75;15
CGiocatore139;C;Team09;4;6.69;10
CGiocatore140;C;Team16;5;6.51;5
CGiocatore141;C;Team09;3;6.64;14
CGiocatore142;C;Team16;5;6.72;6
CGiocatore143;C;Team06;3;6.46;5
CGiocatore144;C;Team11;3;6.8;8
CGiocatore145;C;Team10;4;6.68;11
CGiocatore146;C;Team06;5;6.78;13
CGiocatore147;C;Team07;3;6.72;9
CGiocatore148;C;Team12;4;6.71;5
CGiocatore149;C;Team18;5;6.59;7
CGiocatore150;C;Team13;2;6.36;13
CGiocatore151;C;Team14;3;6.79;10
CGiocatore152;C;Team03;5;6.69;3
CGiocatore153;C;Team18;3;6.5;10
CGiocatore154;C;Team14;5;6.58;4
CGiocatore155;C;Team17;4;6.51;12
CGiocatore156;C;Team08;2;6.32;3
CGiocatore157;C;Team03;4;6.41;12
CGiocatore158;C;Team05;3;6.35;8
CGiocatore159;C;Team06;1;6.53;8
CGiocatore160;C;Team20;2;6.51;7
CGiocatore161;C;Team19;4;6.56;7
CGiocatore162;C;Team19;1;6.21;10
CGiocatore163;C;Team20;3;6.32;2
CGiocatore164;C;Team10;3;6.49;6
CGiocatore165;C;Team13;1;6.49;3
CGiocatore166;C;Team15;1;6.3;2
CGiocatore167;C;Team05;2;6.35;5
CGiocatore168;C;Team12;3;6.29;8
CGiocatore169;C;Team18;2;6.62;2
CGiocatore170;C;Team15;1;6.17;2
CGiocatore171;C;Team13;1;6.23;2
CGiocatore172;C;Team06;3;6.53;3
CGiocatore173;C;Team07;2;6.5;9
CGiocatore174;C;Team16;2;6.47;4
CGiocatore175;C;Team13;1;6.51;4
CGiocatore176;C;Team12;1;6.32;9
CGiocatore177;C;Team16;2;6.08;2
CGiocatore178;C;Team05;1;6.19;2
CGiocatore179;C;Team12;2;6.48;6
CGiocatore180;C;Team12;2;6.05;2
CGiocatore181;C;Team18;1;6.3;2
CGiocatore182;C;Team04;2;6.15;8
CGiocatore183;C;Team11;1;6.07;2
CGiocatore184;C;Team20;1;6.27;2
CGiocatore185;C;Team05;1;6.24;2
CGiocatore186;C;Team05;1;6.33;6
CGiocatore187;C;Team20;1;6.27;2
CGiocatore188;C;Team10;1;6.12;2
CGiocatore189;C;Team16;1;6.25;2
CGiocatore190;C;Team12;2;6.29;2
CGiocatore191;C;Team10;1;6.1;2
CGiocatore192;C;Team01;2;6.32;4
CGiocatore193;C;Team19;2;6.21;2
CGiocatore194;C;Team06;1;6.19;3
CGiocatore195;C;Team13;2;6.16;3
CGiocatore196;C;Team04;1;5.96;2
CGiocatore197;C;Team14;1;5.97;2
CGiocatore198;C;Team16;2;6.21;2
CGiocatore199;C;Team05;1;6.3;3
AGiocatore000;A;Team16;42;8.21;34
AGiocatore001;A;Team18;39;8.2;31
AGiocatore002;A;Team09;40;8.09;31
AGiocatore003;A;Team18;38;8.21;29
AGiocatore004;A;Team10;40;8.04;38
AGiocatore005;A;Team16;38;8.23;34
AGiocatore006;A;Team09;38;8.03;37
AGiocatore007;A;Team13;37;7.99;32
AGiocatore008;A;Team10;37;8.24;37
AGiocatore009;A;Team15;34;7.84;36
AGiocatore010;A;Team18;34;8.13;34
AGiocatore011;A;Team04;33;7.92;31
AGiocatore012;A;Team17;33;8.08;31
AGiocatore013;A;Team11;32;7.87;27
AGiocatore014;A;Team01;33;8.1;25
AGiocatore015;A;Team16;31;8.21;35
AGiocatore016;A;Team11;32;7.95;25
AGiocatore017;A;Team19;31;7.84;23
AGiocatore018;A;Team02;31;7.8;31
AGiocatore019;A;Team06;30;8.12;24
AGiocatore020;A;Team16;30;8.12;22
AGiocatore021;A;Team10;29;7.73;31
AGiocatore022;A;Team04;28;8.06;21
AGiocatore023;A;Team18;27;8.07;25
AGiocatore024;A;Team17;26;7.85;31
AGiocatore025;A;Team06;25;7.81;23
AGiocatore026;A;Team01;26;7.93;28
AGiocatore027;A;Team07;25;7.91;29
AGiocatore028;A;Team14;26;7.62;30
AGiocatore029;A;Team06;25;7.77;20
AGiocatore030;A;Team01;25;7.99;25
AGiocatore031;A;Team11;24;7.62;22
AGiocatore032;A;Team12;21;7.62;27
AGiocatore033;A;Team10;21;7.8;19
AGiocatore034;A;Team10;23;7.52;26
AGiocatore035;A;Team12;22;7.77;25
AGiocatore036;A;Team05;20;7.72;20
AGiocatore037;A;Team18;20;7.62;29
AGiocatore038;A;Team07;21;7.84;26
AGiocatore039;A;Team03;20;7.75;25
AGiocatore040;A;Team19;18;7.61;23
AGiocatore041;A;Team07;20;7.39;26
AGiocatore042;A;Team17;17;7.61;17
AGiocatore043;A;Team16;18;7.53;23
AGiocatore044;A;Team15;18;7.34;21
AGiocatore045;A;Team18;17;7.34;20
AGiocatore046;A;Team13;17;7.49;24
AGiocatore047;A;Team03;15;7.37;14
AGiocatore048;A;Team02;14;7.25;18
AGiocatore049;A;Team02;16;7.68;14
AGiocatore050;A;Team14;14;7.34;15
AGiocatore051;A;Team13;14;7.37;24
AGiocatore052;A;Team18;14;7.36;21
AGiocatore053;A;Team18;12;7.22;23
AGiocatore054;A;Team01;15;7.34;14
AGiocatore055;A;Team18;13;7.5;24
AGiocatore056;A;Team15;12;7.32;16
AGiocatore057;A;Team04;13;7.27;15
AGiocatore058;A;Team01;12;7.1;19
AGiocatore059;A;Team15;12;7.19;12
AGiocatore060;A;Team02;10;7.35;19
AGiocatore061;A;Team02;10;7.24;13
AGiocatore062;A;Team19;10;7.09;22
AGiocatore063;A;Team11;11;7.16;17
AGiocatore064;A;Team17;11;7.11;20
AGiocatore065;A;Team19;8;7.09;13
AGiocatore066;A;Team14;9;7.4;20
AGiocatore067;A;Team13;8;7.22;9
AGiocatore068;A;Team05;8;7.32;12
AGiocatore069;A;Team08;8;7.06;10
AGiocatore070;A;Team15;9;7.32;11
AGiocatore071;A;Team18;9;7.34;14
AGiocatore072;A;Team11;7;7.13;12
AGiocatore073;A;Team03;8;7.18;18
AGiocatore074;A;Team13;6;7.11;16
AGiocatore075;A;Team07;8;7.16;13
AGiocatore076;A;Team07;7;7.21;13
AGiocatore077;A;Team01;6;7.03;16
AGiocatore078;A;Team16;7;6.89;8
AGiocatore079;A;Team13;6;7.22;13
AGiocatore080;A;Team13;6;7.21;11
AGiocatore081;A;Team12;5;6.97;12
AGiocatore082;A;Team16;4;6.98;10
AGiocatore083;A;Team11;4;7.09;8
AGiocatore084;A;Team05;4;6.9;10
AGiocatore085;A;Team14;5;6.68;10
AGiocatore086;A;Team19;3;6.81;5
AGiocatore087;A;Team11;4;7.06;9
AGiocatore088;A;Team16;5;6.76;12
AGiocatore089;A;Team05;3;6.85;11
AGiocatore090;A;Team18;5;6.96;8
AGiocatore091;A;Team03;3;7.08;13
AGiocatore092;A;Team14;4;7.04;9
AGiocatore093;A;Team05;2;6.62;9
AGiocatore094;A;Team20;2;6.54;7
AGiocatore095;A;Team16;4;6.84;12
AGiocatore096;A;Team01;2;6.52;7
AGiocatore097;A;Team01;4;6.76;3
AGiocatore098;A;Team06;2;6.73;8
AGiocatore099;A;Team07;1;6.52;2
AGiocatore100;A;Team13;2;6.76;2
AGiocatore101;A;Team08;2;6.47;10
AGiocatore102;A;Team03;2;6.92;2
AGiocatore103;A;Team03;3;6.73;9
AGiocatore104;A;Team01;2;6.59;3
AGiocatore105;A;Team11;3;6.73;2
AGiocatore106;A;Team17;1;6.64;8
AGiocatore107;A;Team19;3;6.8;2
AGiocatore108;A;Team09;1;6.57;2
AGiocatore109;A;Team11;1;6.76;3
AGiocatore110;A;Team13;1;6.31;2
AGiocatore111;A;Team19;1;6.75;2
AGiocatore112;A;Team11;2;6.69;2
AGiocatore113;A;Team03;2;6.45;4
AGiocatore114;A;Team14;1;6.49;7
AGiocatore115;A;Team20;1;6.34;2
AGiocatore116;A;Team01;2;6.69;2
AGiocatore117;A;Team08;1;6.51;4
AGiocatore118;A;Team19;1;6.36;5
AGiocatore119;A;Team08;1;6.5;2
