FantaSquadra;Nome;Ruolo;Squadra;Costo
AL DOMORO;Martinez Jo.;P;Inter;51
AL DOMORO;Tornqvist;P;Monza;1
AL DOMORO;Stankovic F.;P;Venezia;0
AL DOMORO;Ramon;D;Como;24
AL DOMORO;Valeri;D;Parma;14
AL DOMORO;Fortini;D;Torino;4
AL DOMORO;Marcandalli;D;Genoa;9
AL DOMORO;Smolcic I.;D;Como;4
AL DOMORO;Badiashile;D;Napoli;11
AL DOMORO;Spence;D;Inter;22
AL DOMORO;Mazzocchi;D;Venezia;6
AL DOMORO;Rabiot;C;Milan;51
AL DOMORO;Zaccagni;C;Lazio;48
AL DOMORO;Gonzalez N.;C;Juventus;22
AL DOMORO;Samardzic;C;Atalanta;21
AL DOMORO;Pisilli;C;Roma;13
AL DOMORO;Milla;C;Como;5
AL DOMORO;Sarr P.;C;Juventus;2
AL DOMORO;Gaetano;C;Atalanta;3
AL DOMORO;Berardi;A;Sassuolo;40
AL DOMORO;Scamacca;A;Atalanta;40
AL DOMORO;De Ketelaere;A;Atalanta;38
AL DOMORO;Castro S.;A;Roma;21
AL DOMORO;Santos A.;A;Napoli;45
AL DOMORO;Lucca;A;Napoli;3
